{"ByteArray":[1,0,0,0,0,0,1],"ShortArray":[0,0,0,0],"UshortArray":[0,0,0,0,0,0,0,0,0,0,0,0,0,0,0],"IntArray":[0,0],"UintArray":[0,0,0],"LongArray":[120],"FloatArray":[92.96786499023438,474.6885070800781,474.6243896484375,-45.22547149658203,0.8782309293746948,0.7800385355949402,0.11180701851844788,0.09843727201223374,0.000021653202566085383,0.013246485032141209,0.00010161120007978752,0.05381873622536659,0.5218466520309448,4.100558280944824,22789.09375,0.005161848850548267,21691.203125,1097.8846435546875,428.4174499511719,0.05896233394742012,0.5139929056167603,53589.046875,0.0,-6.168031215667725,-7.7401933670043949,0.0,0.0,0.0,8.832084655761719,5997.02587890625,5.277791976928711,4756703.0,1.0670766830444337,450961088.0,0.0,0.009999999776482582,99.99862670898438,99.99862670898438,99.99862670898438,99.99862670898438,0.0,0.0,1.0],"DoubleArray":[],"TechAdopted":[0.0,0.0,0.0,0.0,0.0,0.0,0.0,0.0,0.0,0.0,0.0,0.0,0.0,0.0,0.0,0.0,0.0,0.0,0.0],"ThoughtAdopted":[0.0,0.0,0.0,0.0,0.0,0.0,0.0,0.0,0.0,0.0,0.0,0.0,0.0,0.0,0.0,0.0,0.0,0.0,0.0,0.0,0.0,0.0,0.0],"SocietyAdopted":[1.0,0.0,0.0,0.0,0.0,0.0,0.0,0.0,0.0,0.0,0.0,0.0,0.0,0.0,0.0],"SocietyElementProgression":[0.0,0.0,0.0,0.0,0.0,0.0,0.0,0.0,0.0,0.0,0.0,0.0,0.0,0.0,0.0,0.0,0.0,0.0,0.0,0.0,0.0,0.0,0.0,0.0,0.0,0.0,0.0,0.0,0.0,0.0,0.0,0.0,0.0,0.0,0.0,0.0,0.0,0.0,0.0,0.0,0.0,0.0,0.0,0.0,0.0,0.0,0.0,0.0,0.0],"Forces":[{"DiplomacySlots":["","","","",""],"ConquestSlots":["","","","",""],"ForceName":"지구","ForcrNum":0,"Culture":100,"Friendly":0.0,"Hostile":0.0,"Conquest":0.0,"Chaos":0.0,"Info":false,"IsDiplomacySlotAvailable":true,"IsConquestSlotAvailable":true},{"DiplomacySlots":["","","","",""],"ConquestSlots":["","","","",""],"ForceName":"세력1","ForcrNum":1,"Culture":0,"Friendly":0.0,"Hostile":0.0,"Conquest":0.0,"Chaos":0.0,"Info":false,"IsDiplomacySlotAvailable":true,"IsConquestSlotAvailable":true},{"DiplomacySlots":["","","","",""],"ConquestSlots":["","","","",""],"ForceName":"세력2","ForcrNum":2,"Culture":0,"Friendly":0.0,"Hostile":0.0,"Conquest":0.0,"Chaos":0.0,"Info":false,"IsDiplomacySlotAvailable":true,"IsConquestSlotAvailable":true},{"DiplomacySlots":["","","","",""],"ConquestSlots":["","","","",""],"ForceName":"세력3","ForcrNum":3,"Culture":0,"Friendly":0.0,"Hostile":0.0,"Conquest":0.0,"Chaos":0.0,"Info":false,"IsDiplomacySlotAvailable":true,"IsConquestSlotAvailable":true}],"Lands":[],"Cities":[],"Trades":[]}