{
    "ByteArray": [
        1,
        5,
        30,
        0,
        40,
        0,
        4
    ],
    "ShortArray": [
        30,
        0,
        40,
        0
    ],
    "UshortArray": [
        16,
        5,
        4,
        0,
        15,
        9,
        14,
        19,
        13,
        14,
        4,
        4,
        0,
        12,
        7
    ],
    "IntArray": [
        0,
        0
    ],
    "UintArray": [
        102,
        67,
        29
    ],
    "LongArray": [
        43416
    ],
    "FloatArray": [
        519.7420654296875,
        2418.5322265625,
        2418.17822265625,
        -68.99251556396485,
        0.7709730267524719,
        0.6839905381202698,
        0.11282172799110413,
        0.0983249619603157,
        0.000021875875972909853,
        0.014450755901634694,
        0.00002413255424471572,
        0.012807006016373635,
        2.9731240272521974,
        5.182493209838867,
        23161.92578125,
        0.0012259493814781309,
        21964.259765625,
        1197.442626953125,
        501.6385498046875,
        0.3859699070453644,
        0.6094159483909607,
        62747.984375,
        0.0,
        -8.097557067871094,
        -9.689510345458985,
        0.0,
        0.0,
        0.0,
        9.089324951171875,
        5807.833984375,
        5.6084442138671879,
        4591250.5,
        1.1388864517211915,
        422956416.0,
        0.6934547424316406,
        2.429999828338623,
        87.72602081298828,
        85.78260040283203,
        85.38105010986328,
        85.20203399658203,
        0.05880799889564514,
        0.015936968848109247
    ],
    "DoubleArray": [],
    "TechAdopted": [
        1.0006933212280274,
        1.000619649887085,
        0.0,
        0.0,
        0.0,
        0.0,
        0.0,
        0.0,
        0.0,
        0.0,
        0.0,
        0.0,
        0.0,
        0.0,
        0.0,
        0.0,
        0.0,
        0.0,
        0.0
    ],
    "ThoughtAdopted": [
        0.0,
        1.0005712509155274,
        1.0003947019577027,
        0.0,
        0.0,
        1.0003068447113038,
        0.0,
        1.0004156827926636,
        0.0,
        0.0,
        0.0,
        0.0,
        1.0003414154052735,
        0.0,
        0.0,
        0.0,
        1.000217318534851,
        0.0,
        0.0,
        0.0,
        0.0,
        0.0,
        1.0001927614212037
    ],
    "SocietyAdopted": [
        1.0,
        0.0,
        0.0,
        0.0,
        0.0,
        0.0,
        0.0,
        0.0,
        0.0,
        0.0,
        0.0,
        0.0,
        0.0,
        0.0,
        0.0
    ],
    "SocietyElementProgression": [
        0.0,
        0.0,
        0.0,
        0.0,
        0.0,
        0.0,
        0.0,
        0.0,
        0.0,
        0.0,
        0.0,
        0.0,
        0.0,
        0.0,
        0.0,
        0.0,
        0.0,
        0.0,
        0.0,
        0.0,
        0.0,
        0.0,
        0.0,
        0.0,
        0.0,
        0.0,
        0.0,
        0.0,
        0.0,
        0.0,
        0.0,
        0.0,
        0.0,
        0.0,
        0.0,
        0.0,
        0.0,
        0.0,
        0.0,
        0.0,
        0.0,
        0.0,
        0.0,
        0.0,
        0.0,
        0.0,
        0.0,
        0.0,
        0.0
    ],
    "Forces": [
        {
            "DiplomacySlots": [
                "",
                "",
                "",
                "",
                ""
            ],
            "ConquestSlots": [
                "",
                "",
                "",
                "",
                ""
            ],
            "ForceName": "지구",
            "ForcrNum": 0,
            "Culture": 102,
            "Friendly": 0.06056685000658035,
            "Hostile": 0.040375955402851108,
            "Conquest": 0.0,
            "Chaos": 0.0,
            "Info": true,
            "IsDiplomacySlotAvailable": true,
            "IsConquestSlotAvailable": true
        },
        {
            "DiplomacySlots": [
                "",
                "",
                "",
                "",
                ""
            ],
            "ConquestSlots": [
                "",
                "",
                "",
                "",
                ""
            ],
            "ForceName": "세력1",
            "ForcrNum": 1,
            "Culture": 2,
            "Friendly": 0.1039958968758583,
            "Hostile": 0.03683577477931976,
            "Conquest": 0.0,
            "Chaos": 0.0,
            "Info": true,
            "IsDiplomacySlotAvailable": true,
            "IsConquestSlotAvailable": true
        },
        {
            "DiplomacySlots": [
                "",
                "",
                "",
                "",
                ""
            ],
            "ConquestSlots": [
                "",
                "",
                "",
                "",
                ""
            ],
            "ForceName": "세력2",
            "ForcrNum": 2,
            "Culture": 1,
            "Friendly": 0.0,
            "Hostile": 0.0,
            "Conquest": 0.0,
            "Chaos": 0.0,
            "Info": false,
            "IsDiplomacySlotAvailable": true,
            "IsConquestSlotAvailable": true
        },
        {
            "DiplomacySlots": [
                "",
                "",
                "",
                "",
                ""
            ],
            "ConquestSlots": [
                "",
                "",
                "",
                "",
                ""
            ],
            "ForceName": "세력3",
            "ForcrNum": 3,
            "Culture": 0,
            "Friendly": 0.0,
            "Hostile": 0.0,
            "Conquest": 0.0,
            "Chaos": 0.0,
            "Info": false,
            "IsDiplomacySlotAvailable": true,
            "IsConquestSlotAvailable": true
        }
    ],
    "Lands": [
        {
            "LandNum": 0,
            "CityName": "바르셀로나",
            "Resources": [
                5,
                0,
                2
            ]
        },
        {
            "LandNum": 1,
            "CityName": "마드리드",
            "Resources": [
                2,
                0,
                2
            ]
        },
        {
            "LandNum": 2,
            "CityName": "코펜하겐",
            "Resources": [
                0,
                2,
                0
            ]
        },
        {
            "LandNum": 3,
            "CityName": "오슬로",
            "Resources": [
                2,
                1,
                0
            ]
        },
        {
            "LandNum": 4,
            "CityName": "",
            "Resources": [
                2,
                0,
                0
            ]
        }
    ],
    "Cities": [
        {
            "FacilityAdopted": [
                true,
                true,
                false,
                true,
                false,
                false,
                false,
                false,
                false,
                false,
                false,
                false,
                false,
                false,
                false,
                false,
                false,
                false,
                false,
                false,
                false,
                false,
                false,
                false,
                false,
                false,
                false,
                false,
                false,
                false,
                false,
                false,
                false,
                false,
                false,
                false,
                false,
                false,
                false,
                false,
                true,
                true,
                true,
                false,
                false,
                false
            ],