{"ByteArray":[1,2,0,0,0,0,2,0,0,0],"ShortArray":[0,0,0,0],"UshortArray":[10,4,3,0,10,0,0,10,0,0,0,0,0,6,6],"IntArray":[89,0],"UintArray":[6,26,15,865],"LongArray":[50061],"FloatArray":[320.63043212890627,1924.1312255859375,1922.1339111328125,-8.877038955688477,0.9918400645256043,0.547111988067627,0.44838687777519228,0.048802364617586139,0.00022465836082119495,0.36395132541656496,0.035408519208431247,10.758096694946289,1.6502306461334229,5.029863357543945,859587.375,1.798752784729004,893135.6875,33550.140625,418.4377136230469,0.19861416518688203,20.670671463012697,52340.71875,0.0,-82.55921936035156,-147.29302978515626,0.0,0.0,0.0,10.056266784667969,6937.4482421875,5.194718360900879,7247818.0,1.0129003524780274,603485376.0,0.07436297833919525,0.809999942779541,86.81763458251953,87.85295867919922,86.80079650878906,86.79801940917969,0.0,0.0,1.0],"DoubleArray":[],"BoolArray":[true,true,true,true,true],"TechAdopted":[1.0000848770141602,0.0,0.0,0.0,0.0,0.0,0.0,0.0,0.0,0.0,0.0,0.0,0.0,0.0,0.0,0.0,0.0,0.0,0.0],"ThoughtAdopted":[1.0002772808074952,1.0002772808074952,1.0002284049987794,0.9923126697540283,1.0001744031906129,1.0001744031906129,1.0001335144042969,0.1700129359960556,0.0,0.0,0.0,0.0,0.0,0.0,0.0,0.0,0.0,0.0,0.0,0.0,0.0,0.0,0.0],"SocietyAdopted":[1.0,1.0,0.0,0.0,0.0,0.0,0.0,0.0,0.0,0.0,0.0,0.0,0.0,0.0,0.0],"SocietyElementProgression":[0.0,0.0,0.0,0.0,0.0,0.0,0.0,0.0,0.0,0.0,0.0,0.0,0.0,0.0,0.0,0.0,0.0,0.0,0.0,0.0,0.0,0.0,0.0,0.0,0.0,0.0,0.0,0.0,0.0,0.0,0.0,0.0,0.0,0.0,0.0,0.0,0.0,0.0,0.0,0.0,0.0,0.0,0.0,0.0,0.0,0.0,0.0,0.0,0.0],"Forces":[{"DiplomacySlots":["","","","",""],"ConquestSlots":["","","","",""],"Messages":[true,true,true],"ForceName":"지구","ForcrNum":0,"Culture":114,"Friendly":0.0,"Hostile":0.0,"Conquest":0.0,"Chaos":0.0,"Info":false,"IsDiplomacySlotAvailable":true,"IsConquestSlotAvailable":true},{"DiplomacySlots":["","","문화 편견","자국 영웅화",""],"ConquestSlots":["극단적 채식주의 선동","창조과학론 투입","","",""],"Messages":[true,true,true],"ForceName":"세력1","ForcrNum":1,"Culture":15,"Friendly":0.04250546917319298,"Hostile":0.02526465617120266,"Conquest":6.289520778804938e-20,"Chaos":0.012563600204885006,"Info":true,"IsDiplomacySlotAvailable":true,"IsConquestSlotAvailable":true},{"DiplomacySlots":["","","","",""],"ConquestSlots":["","","","",""],"Messages":[true,true,true],"ForceName":"세력2","ForcrNum":2,"Culture":6,"Friendly":0.0,"Hostile":0.0,"Conquest":0.0,"Chaos":0.0,"Info":false,"IsDiplomacySlotAvailable":true,"IsConquestSlotAvailable":true},{"DiplomacySlots":["","","","",""],"ConquestSlots":["","","","",""],"Messages":[true,true,true],"ForceName":"세력3","ForcrNum":3,"Culture":8,"Friendly":0.0,"Hostile":0.0,"Conquest":0.0,"Chaos":0.0,"Info":false,"IsDiplomacySlotAvailable":true,"IsConquestSlotAvailable":true}],"Lands":[{"LandNum":0,"CityName":"good_neighbour","Resources":[1,0,0]},{"LandNum":1,"CityName":"바르셀로나","Resources":[4,0,0]},{"LandNum":2,"CityName":"마드리드","Resources":[5,0,0]},{"LandNum":3,"CityName":"","Resources":[5,2,0]}],"Cities":[{"FacilityAdopted":[true,false,false,true,true,false,false,false,false,false,false,false,false,false,false,true,false,false,false,false,false,false,false,false,false,false,false,false,false,false,false,false,false,false,true,false,false,false,false,false,true,true,false,false,false,false],"FacilityEnabled":[false,false,false,true,true,false,false,false,false,true,false,false,false,false,false,true,true,false,false,false,true,false,false,false,false,false,true,false,false,false,false,false,false,false,true,false,false,false,false,false,true,true,false,false,false,false],"Messages":[true,true,true],"CityName":"good_neighbour","NumOfFacility":7,"AnnualFund":-3,"Capacity":1000,"AnnualResearch":2,"TaxIncome":1,"Stability":49.974239349365237,"StabilityAdd":0.0,"Population":112.27657318115235,"PopulationMovement":0.9488611221313477,"PopulationMovementMultiply":0.0010999999940395356,"Crime":0.0,"Disease":0.0,"Injure":0.025760319083929063,"CrimePosibility":0.0,"DiseasePosibility":0.0,"InjurePosibility":2.0,"Police":0.0,"Health":0.0,"Safety":2.0},{"FacilityAdopted":[true,false,false,true,true,false,false,false,false,true,false,false,false,false,false,false,false,false,false,false,false,false,false,false,false,false,false,false,false,false,false,false,false,false,true,false,false,false,false,false,true,true,false,false,false,false],"FacilityEnabled":[false,false,false,true,true,false,false,false,false,true,true,false,false,false,false,true,false,false,false,false,true,false,false,false,false,false,true,false,false,false,false,false,false,false,true,false,false,false,false,false,true,true,false,false,false,false],"Messages":[true,true,true],"CityName":"바르셀로나","NumOfFacility":7,"AnnualFund":-3,"Capacity":10000,"AnnualResearch":2,"TaxIncome":8,"Stability":47.566009521484378,"StabilityAdd":0.0,"Population":696.3674926757813,"PopulationMovement":0.5396580696105957,"PopulationMovementMultiply":0.0010999999940395356,"Crime":1.0406970977783204,"Disease":0.05165604501962662,"Injure":1.3416385650634766,"CrimePosibility":1.365434169769287,"DiseasePosibility":8.501300811767579,"InjurePosibility":2.0,"Police":0.0,"Health":10.0,"Safety":0.0},{"FacilityAdopted":[true,false,false,false,false,false,false,false,false,false,false,false,false,false,false,false,false,false,false,false,false,false,false,false,false,false,false,false,false,false,false,false,false,false,true,false,false,false,false,false,true,true,false,false,false,false],"FacilityEnabled":[true,false,false,true,false,false,false,false,false,true,false,false,false,false,false,true,false,false,false,false,true,false,false,false,false,false,true,false,false,false,false,false,false,false,true,false,false,false,false,false,true,true,false,false,false,false],"Messages":[true,true,true],"CityName":"마드리드","NumOfFacility":4,"AnnualFund":0,"Capacity":10000,"AnnualResearch":2,"TaxIncome":0,"Stability":48.63228988647461,"StabilityAdd":0.0,"Population":60.1112174987793,"PopulationMovement":0.17424246668815614,"PopulationMovementMultiply":0.00009999999747378752,"Crime":0.0,"Disease":0.0,"Injure":1.367709755897522,"CrimePosibility":0.0,"DiseasePosibility":0.0,"InjurePosibility":2.0,"Police":0.0,"Health":0.0,"Safety":0.0}],"Trades":[]}