{"ByteArray":[1,0,0,0,0,0,1],"ShortArray":[0,0,0,0],"UshortArray":[4,0,0,0,0,0,0,0,0,0,0,0,0,0,0],"IntArray":[0,0],"UintArray":[0,0,0],"LongArray":[120],"FloatArray":[68.87841033935547,400.60772705078127,400.44622802734377,1.292036533355713,1.0579653978347779,0.9396030902862549,0.11187732219696045,0.09800338000059128,0.000027149626475875266,0.011667480692267418,0.0021793104242533447,1.0975641012191773,0.4513494372367859,3.987774610519409,28402.587890625,0.11070897430181503,27429.685546875,972.791259765625,498.185791015625,0.05079829320311546,0.7558202147483826,62316.09375,0.0,-1.6816924810409547,-3.6697754859924318,0.0,0.0,0.0,9.162552833557129,6519.17626953125,5.036730766296387,5831401.0,0.9722193479537964,532908544.0,0.0,0.009999999776482582,95.4288558959961,95.4288558959961,95.4288558959961,95.4288558959961,0.0,0.0,1.0],"DoubleArray":[],"TechAdopted":[0.0,0.0,0.0,0.0,0.0,0.0,0.0,0.0,0.0,0.0,0.0,0.0,0.0,0.0,0.0,0.0,0.0,0.0,0.0],"ThoughtAdopted":[0.0,0.0,0.0,0.0,0.0,0.0,0.0,0.0,0.0,0.0,0.0,0.0,0.0,0.0,0.0,0.0,0.0,0.0,0.0,0.0,0.0,0.0,0.0],"SocietyAdopted":[1.0,0.0,0.0,0.0,0.0,0.0,0.0,0.0,0.0,0.0,0.0,0.0,0.0,0.0,0.0],"SocietyElementProgression":[0.0,0.0,0.0,0.0,0.0,0.0,0.0,0.0,0.0,0.0,0.0,0.0,0.0,0.0,0.0,0.0,0.0,0.0,0.0,0.0,0.0,0.0,0.0,0.0,0.0,0.0,0.0,0.0,0.0,0.0,0.0,0.0,0.0,0.0,0.0,0.0,0.0,0.0,0.0,0.0,0.0,0.0,0.0,0.0,0.0,0.0,0.0,0.0,0.0],"Forces":[{"DiplomacySlots":["","","","",""],"ConquestSlots":["","","","",""],"ForceName":"지구","ForcrNum":0,"Culture":104,"Friendly":0.0,"Hostile":0.0,"Conquest":0.0,"Chaos":0.0,"Info":false,"IsDiplomacySlotAvailable":true,"IsConquestSlotAvailable":true},{"DiplomacySlots":["","","","",""],"ConquestSlots":["","","","",""],"ForceName":"세력1","ForcrNum":1,"Culture":3,"Friendly":0.0,"Hostile":0.0,"Conquest":0.0,"Chaos":0.0,"Info":false,"IsDiplomacySlotAvailable":true,"IsConquestSlotAvailable":true},{"DiplomacySlots":["","","","",""],"ConquestSlots":["","","","",""],"ForceName":"세력2","ForcrNum":2,"Culture":2,"Friendly":0.0,"Hostile":0.0,"Conquest":0.0,"Chaos":0.0,"Info":false,"IsDiplomacySlotAvailable":true,"IsConquestSlotAvailable":true},{"DiplomacySlots":["","","","",""],"ConquestSlots":["","","","",""],"ForceName":"세력3","ForcrNum":3,"Culture":3,"Friendly":0.0,"Hostile":0.0,"Conquest":0.0,"Chaos":0.0,"Info":false,"IsDiplomacySlotAvailable":true,"IsConquestSlotAvailable":true}],"Lands":[],"Cities":[],"Trades":[]}