{"ByteArray":[1,1,30,2,150,5,1,0,0,0],"ShortArray":[0,2,10,0],"UshortArray":[38,4,1,0,2,0,0,2,0,0,0,0,0,0,0],"IntArray":[80,0],"UintArray":[0,0,0,53],"LongArray":[3235],"FloatArray":[1001.4544677734375,5652.9853515625,5640.03271484375,12.45220947265625,0.985914409160614,0.5887453556060791,0.4028433561325073,0.014623000286519528,0.000036345907574286684,0.1468275487422943,0.24135644733905793,27.01948356628418,4.790266036987305,5.745666027069092,1589600.375,12.262667655944825,1628775.125,39187.37109375,466.73858642578127,0.6919577717781067,42.0475959777832,58382.484375,0.8797996640205383,96.62659454345703,82.5574722290039,59.552024841308597,31.002643585205079,18.50129508972168,10.323474884033204,6817.14697265625,5.426855087280273,7184593.5,1.0223740339279175,582736960.0,0.509793758392334,0.809999942779541,46.47789764404297,46.47789764404297,46.47789764404297,46.47789764404297,0.0,0.0,1.0],"DoubleArray":[],"BoolArray":[false,false,false,false],"TechAdopted":[0.0,0.0,0.0,0.0,0.0,0.0,0.0,0.0,0.0,0.0,0.0,0.0,0.0,0.0,0.0,0.0,0.0,0.0,0.0],"ThoughtAdopted":[0.0,0.0,0.0,0.0,0.0,0.0,0.0,0.0,0.0,0.0,0.0,0.0,0.0,0.0,0.0,0.0,0.0,0.0,0.0,0.0,0.0,0.0,0.0],"SocietyAdopted":[1.0,0.0,0.0,0.0,0.0,0.0,0.0,0.0,0.0,0.0,0.0,0.0,0.0,0.0,0.0],"SocietyElementProgression":[0.0,0.0,0.0,0.0,0.0,0.0,0.0,0.0,0.0,0.0,0.0,0.0,0.0,0.0,0.0,0.0,0.0,0.0,0.0,0.0,0.0,0.0,0.0,0.0,0.0,0.0,0.0,0.0,0.0,0.0,0.0,0.0,0.0,0.0,0.0,0.0,0.0,0.0,0.0,0.0,0.0,0.0,0.0,0.0,0.0,0.0,0.0,0.0,0.0],"Forces":[{"DiplomacySlots":["","","","",""],"ConquestSlots":["","","","",""],"Messages":[true,true,true],"ForceName":"지구","ForcrNum":0,"Culture":135,"Friendly":0.0,"Hostile":0.0,"Conquest":0.0,"Chaos":0.0,"Info":false,"IsDiplomacySlotAvailable":true,"IsConquestSlotAvailable":true},{"DiplomacySlots":["","","","",""],"ConquestSlots":["","","","",""],"Messages":[true,true,true],"ForceName":"세력1","ForcrNum":1,"Culture":35,"Friendly":0.0,"Hostile":0.0,"Conquest":0.0,"Chaos":0.0,"Info":false,"IsDiplomacySlotAvailable":true,"IsConquestSlotAvailable":true},{"DiplomacySlots":["","","","",""],"ConquestSlots":["","","","",""],"Messages":[true,true,true],"ForceName":"세력2","ForcrNum":2,"Culture":34,"Friendly":0.0,"Hostile":0.0,"Conquest":0.0,"Chaos":0.0,"Info":false,"IsDiplomacySlotAvailable":true,"IsConquestSlotAvailable":true},{"DiplomacySlots":["","","","",""],"ConquestSlots":["","","","",""],"Messages":[true,true,true],"ForceName":"세력3","ForcrNum":3,"Culture":34,"Friendly":0.0,"Hostile":0.0,"Conquest":0.0,"Chaos":0.0,"Info":false,"IsDiplomacySlotAvailable":true,"IsConquestSlotAvailable":true}],"Lands":[{"LandNum":0,"CityName":"good_neighbour","Resources":[2,0,0]},{"LandNum":1,"CityName":"","Resources":[1,0,0]},{"LandNum":2,"CityName":"","Resources":[4,0,0]},{"LandNum":3,"CityName":"","Resources":[3,0,0]}],"Cities":[{"FacilityAdopted":[false,false,false,false,false,false,false,false,false,false,false,false,false,false,false,false,false,false,false,false,false,false,false,false,false,false,false,false,false,false,false,false,false,false,false,false,false,false,false,false,false,false,false,false,false,false],"FacilityEnabled":[false,false,false,true,false,false,false,false,false,true,false,false,false,false,false,true,false,false,false,false,true,false,false,false,false,false,true,false,false,false,false,false,false,false,true,false,false,false,false,false,true,false,false,false,false,false],"Messages":[true,true,true],"CityName":"good_neighbour","NumOfFacility":0,"AnnualFund":0,"Capacity":1000,"AnnualResearch":0,"TaxIncome":0,"Stability":50.0,"StabilityAdd":0.0,"Population":53.564666748046878,"PopulationMovement":0.09465299546718598,"PopulationMovementMultiply":0.00009999999747378752,"Crime":0.0,"Disease":0.0,"Injure":0.0,"CrimePosibility":0.0,"DiseasePosibility":0.0,"InjurePosibility":0.0,"Police":0.0,"Health":0.0,"Safety":0.0}],"Trades":[]}