{"ByteArray":[9,10,0,0,0,0,1,1,0,0],"ShortArray":[0,0,0,0],"UshortArray":[52,7,5,0,13,2,0,16,5,0,3,3,0,11,15],"IntArray":[80,0],"UintArray":[137,622,38,4874],"LongArray":[52152],"FloatArray":[647.747314453125,2602.612548828125,2553.136962890625,43.55780029296875,1.0597084760665894,0.6888105273246765,0.3499999940395355,0.0,0.0,0.0,0.3499999940395355,40.82708740234375,5.300386905670166,5.218612194061279,941416.75,48.68611526489258,941368.0625,0.0,823.2366333007813,0.7894142866134644,42.8637809753418,102975.421875,0.0,-86.28160858154297,-154.51126098632813,0.0,0.0,0.0,8.598322868347168,5248.9833984375,5.8703436851501469,3547604.0,0.910348653793335,345475808.0,1.6761127710342408,21.869998931884767,38.98501205444336,47.423667907714847,38.653167724609378,67.33767700195313,0.0,0.0,1.0],"DoubleArray":[],"BoolArray":[true,true,true,true,true],"TechAdopted":[1.0006252527236939,1.0004602670669556,1.0000579357147217,0.0,0.0,0.0,0.0,0.0,1.0001932382583619,0.0,0.0,0.0,1.0001932382583619,1.000061273574829,1.0000579357147217,1.000494122505188,1.0000191926956177,1.0003581047058106,1.001331090927124],"ThoughtAdopted":[1.0013850927352906,1.0013850927352906,1.000991940498352,1.0004804134368897,1.0004804134368897,1.0004804134368897,1.0004804134368897,1.000169038772583,1.000463843345642,1.000463843345642,1.0001596212387086,1.000390887260437,1.000288724899292,1.0002020597457886,1.0002180337905884,1.000170350074768,1.0003386735916138,1.0003386735916138,0.0,1.00002121925354,1.00002121925354,1.00002121925354,1.000290036201477],"SocietyAdopted":[1.0,0.0,0.0,0.0,0.0,0.0,0.0,0.0,0.0,0.0,0.0,0.0,0.0,0.0,0.0],"SocietyElementProgression":[0.0,0.0,0.0,0.0,0.0,0.0,0.0,0.0,0.0,0.0,0.0,0.0,0.0,0.0,0.0,0.0,0.0,0.0,0.0,0.0,0.0,0.0,0.0,0.0,0.0,0.0,0.0,0.0,0.0,0.0,0.0,0.0,0.0,0.0,0.0,0.0,0.0,0.0,0.0,0.0,0.0,0.0,0.0,0.0,0.0,0.0,0.0,0.0,0.0],"Forces":[{"DiplomacySlots":["","","","",""],"ConquestSlots":["","","","",""],"Messages":[true,true,false],"ForceName":"지구","ForcrNum":0,"DiplomacySlotUsage":0,"ConquestSlotUsage":0,"Culture":156,"Friendly":0.1515967845916748,"Hostile":0.10792296379804611,"Conquest":1.0,"Chaos":0.9219949841499329,"Info":true},{"DiplomacySlots":["","","","",""],"ConquestSlots":["","","","",""],"Messages":[true,true,false],"ForceName":"세력1","ForcrNum":1,"DiplomacySlotUsage":0,"ConquestSlotUsage":0,"Culture":48,"Friendly":0.060170650482177737,"Hostile":0.011922611854970456,"Conquest":1.017493724822998,"Chaos":0.6182466745376587,"Info":true},{"DiplomacySlots":["","","","",""],"ConquestSlots":["","","","",""],"Messages":[true,true,false],"ForceName":"세력2","ForcrNum":2,"DiplomacySlotUsage":0,"ConquestSlotUsage":0,"Culture":46,"Friendly":0.41664934158325198,"Hostile":0.2384078949689865,"Conquest":1.0510985851287842,"Chaos":0.6099863052368164,"Info":true},{"DiplomacySlots":["","","","",""],"ConquestSlots":["","","","",""],"Messages":[true,true,true],"ForceName":"세력3","ForcrNum":3,"DiplomacySlotUsage":0,"ConquestSlotUsage":0,"Culture":43,"Friendly":0.577136754989624,"Hostile":0.3050622344017029,"Conquest":1.0,"Chaos":0.5729904770851135,"Info":true}],"Lands":[{"LandNum":0,"CityName":"good_neighbour","Resources":[5,1,0]},{"LandNum":1,"CityName":"바르셀로나","Resources":[2,0,0]},{"LandNum":2,"CityName":"마드리드","Resources":[4,2,0]},{"LandNum":3,"CityName":"코펜하겐","Resources":[0,2,0]},{"LandNum":4,"CityName":"오슬로","Resources":[5,0,0]},{"LandNum":5,"CityName":"","Resources":[0,1,0]},{"LandNum":6,"CityName":"","Resources":[2,0,0]}],"Cities":[{"FacilityAdopted":[true,false,false,true,true,false,false,false,false,false,false,false,false,false,false,false,false,false,false,false,false,false,false,false,false,false,false,false,false,false,false,false,false,false,false,false,false,false,false,false,true,true,false,false,false,false],"FacilityEnabled":[false,false,false,true,true,false,false,false,false,true,false,false,false,false,false,true,false,false,false,false,true,false,false,false,false,false,true,false,false,false,false,false,false,false,true,false,false,false,false,false,true,true,false,false,false,false],"Messages":[true,true,true],"CityName":"good_neighbour","NumOfFacility":5,"AnnualFund":-5,"Capacity":1000,"AnnualResearch":2,"TaxIncome":0,"Stability":46.77330017089844,"StabilityAdd":0.0,"Population":32.98314666748047,"PopulationMovement":-0.0005675459397025406,"PopulationMovementMultiply":0.0010999999940395356,"Crime":0.0,"Disease":3.2266998291015627,"Injure":0.0,"CrimePosibility":0.0,"DiseasePosibility":3.2277395725250246,"InjurePosibility":0.0,"Police":0.0,"Health":0.0,"Safety":0.0},{"FacilityAdopted":[true,true,false,true,true,true,true,false,false,false,false,false,false,false,false,false,false,false,false,false,false,false,false,false,false,false,false,false,false,false,false,false,false,false,false,false,false,false,false,false,true,true,true,false,false,false],"FacilityEnabled":[false,false,false,true,true,true,true,false,false,true,false,false,false,false,false,true,false,false,false,false,true,false,false,false,false,false,true,false,false,false,false,false,false,false,true,false,false,false,false,false,true,true,true,false,false,false],"Messages":[true,false,true],"CityName":"바르셀로나","NumOfFacility":9,"AnnualFund":-11,"Capacity":10000,"AnnualResearch":3,"TaxIncome":2,"Stability":31.466827392578126,"StabilityAdd":0.0,"Population":179.0093994140625,"PopulationMovement":-0.10243391245603562,"PopulationMovementMultiply":0.0021000001579523088,"Crime":6.961463451385498,"Disease":11.571709632873536,"Injure":0.0,"CrimePosibility":7.569549560546875,"DiseasePosibility":11.847530364990235,"InjurePosibility":0.0,"Police":0.0,"Health":0.0,"Safety":0.0},{"FacilityAdopted":[true,true,false,true,true,true,true,false,false,false,false,false,false,false,false,false,false,false,false,false,false,false,false,false,false,false,false,false,false,false,false,false,false,false,false,false,false,false,false,false,true,true,true,false,false,false],"FacilityEnabled":[false,false,false,true,true,true,true,false,false,true,false,false,false,false,false,true,false,false,false,false,true,false,false,false,false,false,true,false,false,false,false,false,false,false,true,false,false,false,false,false,true,true,true,false,false,false],"Messages":[false,true,true],"CityName":"마드리드","NumOfFacility":9,"AnnualFund":-11,"Capacity":10000,"AnnualResearch":3,"TaxIncome":78,"Stability":35.89774703979492,"StabilityAdd":0.0,"Population":4370.6435546875,"PopulationMovement":-60.7960090637207,"PopulationMovementMultiply":0.0021000001579523088,"Crime":12.466442108154297,"Disease":1.6358113288879395,"Injure":0.0,"CrimePosibility":12.763655662536621,"DiseasePosibility":2.4631950855255129,"InjurePosibility":0.0,"Police":0.0,"Health":0.0,"Safety":0.0},{"FacilityAdopted":[true,true,false,true,true,true,true,false,false,false,false,false,false,false,false,false,false,false,false,false,false,false,false,false,false,false,false,false,false,false,false,false,false,false,false,false,false,false,false,false,true,true,true,false,false,false],"FacilityEnabled":[true,false,false,true,true,true,true,false,false,true,false,false,false,false,false,true,false,false,false,false,true,false,false,false,false,false,true,false,false,false,false,false,false,false,true,false,false,false,false,false,true,true,true,false,false,false],"Messages":[true,false,true],"CityName":"코펜하겐","NumOfFacility":9,"AnnualFund":-11,"Capacity":10000,"AnnualResearch":3,"TaxIncome":2,"Stability":29.803207397460939,"StabilityAdd":0.0,"Population":137.77967834472657,"PopulationMovement":-0.0034866537898778917,"PopulationMovementMultiply":0.0021000001579523088,"Crime":5.162922382354736,"Disease":15.033870697021485,"Injure":0.0,"CrimePosibility":5.165844917297363,"DiseasePosibility":15.050619125366211,"InjurePosibility":0.0,"Police":0.0,"Health":0.0,