{"ByteArray":[1,1,0,0,0,0,1,0,0,0],"ShortArray":[0,0,0,0],"UshortArray":[2,2,1,0,0,1,0,0,1,0,0,0,0,0,0],"IntArray":[80,0],"UintArray":[0,0,0,11],"LongArray":[50220],"FloatArray":[229.0115203857422,1085.2894287109375,1084.0643310546875,3.869776725769043,1.0425740480422974,0.8382025957107544,0.19602584838867188,0.08309774845838547,0.00018251400615554303,0.09067555516958237,0.022070027887821199,7.860361576080322,0.900722086429596,4.649172306060791,245676.4375,1.1211574077606202,253694.078125,8018.7578125,306.5773620605469,0.10393745452165604,4.3018646240234379,38348.55078125,0.0,-9.487944602966309,-27.87550163269043,0.0,0.0,0.0,7.860518932342529,5450.4970703125,5.168209075927734,3496990.25,0.935265302658081,372511296.0,0.0017171618528664113,0.08999999612569809,98.21026611328125,98.21026611328125,98.21026611328125,98.21026611328125,0.0,0.0,1.0],"DoubleArray":[],"BoolArray":[true,true,true,true,true],"TechAdopted":[0.0,0.0,0.0,0.0,0.0,0.0,0.0,0.0,0.0,0.0,0.0,0.0,0.0,0.0,0.0,0.0,0.0,0.0,0.0],"ThoughtAdopted":[0.0,0.0,0.0,0.0,0.0,0.0,0.0,0.0,0.0,0.0,0.0,0.0,0.0,0.0,0.0,0.0,0.0,0.0,0.0,0.0,0.0,0.0,0.0],"SocietyAdopted":[1.0,0.0,0.0,0.0,0.0,0.0,0.0,0.0,0.0,0.0,0.0,0.0,0.0,0.0,0.0],"SocietyElementProgression":[0.0,0.0,0.0,0.0,0.0,0.0,0.0,0.0,0.0,0.0,0.0,0.0,0.0,0.0,0.0,0.0,0.0,0.0,0.0,0.0,0.0,0.0,0.0,0.0,0.0,0.0,0.0,0.0,0.0,0.0,0.0,0.0,0.0,0.0,0.0,0.0,0.0,0.0,0.0,0.0,0.0,0.0,0.0,0.0,0.0,0.0,0.0,0.0,0.0],"Forces":[{"DiplomacySlots":["","","","",""],"ConquestSlots":["","","","",""],"Messages":[true,true,true,true],"ForceName":"지구","ForcrNum":0,"DiplomacySlotUsage":0,"ConquestSlotUsage":0,"Culture":102,"Friendly":0.0,"Hostile":0.0,"Conquest":0.0,"Defence":0.00020000000949949026,"Info":false},{"DiplomacySlots":["","","","",""],"ConquestSlots":["","","","",""],"Messages":[true,true,true,true],"ForceName":"세력1","ForcrNum":1,"DiplomacySlotUsage":0,"ConquestSlotUsage":0,"Culture":3,"Friendly":0.0,"Hostile":0.0,"Conquest":0.0,"Defence":0.00020000000949949026,"Info":false},{"DiplomacySlots":["","","","",""],"ConquestSlots":["","","","",""],"Messages":[true,true,true,true],"ForceName":"세력2","ForcrNum":2,"DiplomacySlotUsage":0,"ConquestSlotUsage":0,"Culture":2,"Friendly":0.0,"Hostile":0.0,"Conquest":0.0,"Defence":0.00020000000949949026,"Info":false},{"DiplomacySlots":["","","","",""],"ConquestSlots":["","","","",""],"Messages":[true,true,true,true],"ForceName":"세력3","ForcrNum":3,"DiplomacySlotUsage":0,"ConquestSlotUsage":0,"Culture":2,"Friendly":0.0,"Hostile":0.0,"Conquest":0.0,"Defence":0.00020000000949949026,"Info":false}],"Lands":[{"LandNum":0,"CityName":"good_neighbour","Resources":[0,1,0]},{"LandNum":1,"CityName":"","Resources":[3,0,0]}],"Cities":[{"FacilityAdopted":[false,false,false,false,false,false,false,false,false,false,false,false,false,false,false,false,false,false,false,false,false,false,false,false,false,false,false,false,false,false,false,false,false,false,false,false,false,false,false,false,false,false,false,false,false,false],"FacilityEnabled":[false,false,false,true,false,false,false,false,false,true,false,false,false,false,false,true,false,false,false,false,true,false,false,false,false,false,true,false,false,false,false,false,false,false,true,false,false,false,false,false,true,false,false,false,false,false],"Messages":[true,true,true],"CityName":"good_neighbour","NumOfFacility":0,"AnnualFund":0,"Capacity":1000,"AnnualResearch":0,"TaxIncome":0,"Stability":50.0,"StabilityAdd":0.0,"Population":11.582813262939454,"PopulationMovement":0.09885159879922867,"PopulationMovementMultiply":0.00009999999747378752,"Crime":0.0,"Disease":0.0,"Injure":0.0,"CrimePosibility":0.0,"DiseasePosibility":0.0,"InjurePosibility":0.0,"Police":0.0,"Health":0.0,"Safety":0.0}],"Trades":[]}