{"ByteArray":[1,1,10,0,20,0,1,0,0,0],"ShortArray":[0,0,0,0],"UshortArray":[34,4,1,0,0,1,0,0,1,0,0,0,0,0,0],"IntArray":[80,0],"UintArray":[0,0,0,48],"LongArray":[44903],"FloatArray":[644.9714965820313,3056.53076171875,3054.063720703125,9.878463745117188,1.0425740480422974,0.8172102570533752,0.21616096794605256,0.07643336802721024,0.0002069527399726212,0.09672045707702637,0.0428001843392849,12.074118614196778,2.3387207984924318,5.337736129760742,329901.53125,2.1742494106292726,339029.875,9130.517578125,306.5773620605469,0.2927219271659851,5.748895168304443,38348.55078125,0.0,7.2514238357543949,-17.32120704650879,0.0,0.0,0.0,7.860518932342529,5450.4970703125,5.168209075927734,3496990.25,0.935265302658081,372511296.0,0.40946850180625918,0.809999942779541,53.915260314941409,53.915260314941409,53.915260314941409,53.915260314941409,0.0,0.0,1.0],"DoubleArray":[],"BoolArray":[true,true,false,true,true],"TechAdopted":[0.0,0.0,0.0,0.0,0.0,0.0,0.0,0.0,0.0,0.0,0.0,0.0,0.0,0.0,0.0,0.0,0.0,0.0,0.0],"ThoughtAdopted":[0.0,0.0,0.0,0.0,0.0,0.0,0.0,0.0,0.0,0.0,0.0,0.0,0.0,0.0,0.0,0.0,0.0,0.0,0.0,0.0,0.0,0.0,0.0],"SocietyAdopted":[1.0,0.0,0.0,0.0,0.0,0.0,0.0,0.0,0.0,0.0,0.0,0.0,0.0,0.0,0.0],"SocietyElementProgression":[0.0,0.0,0.0,0.0,0.0,0.0,0.0,0.0,0.0,0.0,0.0,0.0,0.0,0.0,0.0,0.0,0.0,0.0,0.0,0.0,0.0,0.0,0.0,0.0,0.0,0.0,0.0,0.0,0.0,0.0,0.0,0.0,0.0,0.0,0.0,0.0,0.0,0.0,0.0,0.0,0.0,0.0,0.0,0.0,0.0,0.0,0.0,0.0,0.0],"Forces":[{"DiplomacySlots":["","","","",""],"ConquestSlots":["","","","",""],"Messages":[true,true,true,true],"ForceName":"지구","ForcrNum":0,"DiplomacySlotUsage":0,"ConquestSlotUsage":0,"Culture":130,"Friendly":0.0,"Hostile":0.0,"Conquest":0.0,"Defence":0.0034000014420598747,"Info":false},{"DiplomacySlots":["","","","",""],"ConquestSlots":["","","","",""],"Messages":[true,true,true,true],"ForceName":"세력1","ForcrNum":1,"DiplomacySlotUsage":0,"ConquestSlotUsage":0,"Culture":34,"Friendly":0.0,"Hostile":0.0,"Conquest":0.0,"Defence":0.0034000014420598747,"Info":false},{"DiplomacySlots":["","","","",""],"ConquestSlots":["","","","",""],"Messages":[true,true,true,true],"ForceName":"세력2","ForcrNum":2,"DiplomacySlotUsage":0,"ConquestSlotUsage":0,"Culture":33,"Friendly":0.0,"Hostile":0.0,"Conquest":0.0,"Defence":0.0034000014420598747,"Info":false},{"DiplomacySlots":["","","","",""],"ConquestSlots":["","","","",""],"Messages":[true,true,true,true],"ForceName":"세력3","ForcrNum":3,"DiplomacySlotUsage":0,"ConquestSlotUsage":0,"Culture":31,"Friendly":0.0,"Hostile":0.0,"Conquest":0.0,"Defence":0.0034000014420598747,"Info":false}],"Lands":[{"LandNum":0,"CityName":"good_neighbour","Resources":[0,1,0]},{"LandNum":1,"CityName":"","Resources":[3,0,0]},{"LandNum":2,"CityName":"","Resources":[4,0,0]},{"LandNum":3,"CityName":"","Resources":[5,0,0]}],"Cities":[{"FacilityAdopted":[false,false,false,false,false,false,false,false,false,false,false,false,false,false,false,false,false,false,false,false,false,false,false,false,false,false,false,false,false,false,false,false,false,false,false,false,false,false,false,false,false,false,false,false,false,false],"FacilityEnabled":[false,false,false,true,false,false,false,false,false,true,false,false,false,false,false,true,false,false,false,false,true,false,false,false,false,false,true,false,false,false,false,false,false,false,true,false,false,false,false,false,true,false,false,false,false,false],"Messages":[true,true,true],"CityName":"good_neighbour","NumOfFacility":0,"AnnualFund":0,"Capacity":1000,"AnnualResearch":0,"TaxIncome":1,"Stability":50.0,"StabilityAdd":0.0,"Population":48.820396423339847,"PopulationMovement":0.09512747079133988,"PopulationMovementMultiply":0.00009999999747378752,"Crime":0.0,"Disease":0.0,"Injure":0.0,"CrimePosibility":0.0,"DiseasePosibility":0.0,"InjurePosibility":0.0,"Police":0.0,"Health":0.0,"Safety":0.0}],"Trades":[]}