{"ByteArray":[1,120,0,0,0,0,1,0,0,0],"ShortArray":[0,0,0,0],"UshortArray":[75,9,6,0,1,0,5,21,2,5,20,2,0,5,11],"IntArray":[248,0],"UintArray":[197,427,115,48101],"LongArray":[128051],"FloatArray":[507.1661376953125,2123.3203125,2122.291259765625,-17.09442901611328,0.96346116065979,0.739372730255127,0.23258686065673829,0.08135601878166199,0.00020941146067343652,0.14377355575561524,0.007247879169881344,3.2769579887390138,4.621754169464111,5.0957231521606449,290863.875,0.36819225549697878,303028.09375,12164.5732421875,880.3193359375,0.6609447598457336,14.754668235778809,110115.671875,0.0,-35.99984359741211,-57.96308898925781,0.0,0.0,0.0,8.968118667602539,5472.04541015625,5.873225212097168,4021348.75,1.0591075420379639,375462528.0,104.88517761230469,196.8300018310547,65.07227325439453,47.81337356567383,0.004012736491858959,0.004012736491858959,0.7024467587471008,0.642692506313324,6.11591100692749],"DoubleArray":[],"BoolArray":[true,true,true,true,true],"TechAdopted":[1.0007555484771729,1.0005087852478028,0.0,0.0,0.0,0.0,0.0,0.0,1.0012675523757935,1.0002437829971314,1.0008755922317505,1.0005346536636353,1.0012675523757935,1.001062273979187,1.0000755786895753,1.0005346536636353,0.0,0.0,0.0],"ThoughtAdopted":[1.0009448528289796,1.00087571144104,1.0009350776672364,1.0012705326080323,1.0008654594421387,1.0012705326080323,1.0012705326080323,1.0000567436218262,0.0,0.0,1.0002912282943726,1.0003104209899903,1.0004596710205079,1.0002912282943726,1.0002912282943726,0.0,1.0024144649505616,0.0,0.0,0.0,0.0,0.0,0.0],"SocietyAdopted":[1.0,0.0,0.0,0.0,0.0,0.0,0.0,0.0,0.0,0.0,0.0,0.0,0.0,0.0,0.0],"SocietyElementProgression":[0.0,0.0,0.0,0.0,0.0,0.0,0.0,0.0,0.0,0.0,0.0,0.0,0.0,0.0,0.0,0.0,0.0,0.0,0.0,0.0,0.0,0.0,0.0,0.0,0.0,0.0,0.0,0.0,0.0,0.0,0.0,0.0,0.0,0.0,0.0,0.0,0.0,0.0,0.0,0.0,0.0,0.0,0.0,0.0,0.0,0.0,0.0,0.0,0.0],"Forces":[{"DiplomacySlots":["","","","",""],"ConquestSlots":["","","","",""],"Messages":[true,true,true,true],"ForceName":"지구","ForcrNum":0,"DiplomacySlotUsage":0,"ConquestSlotUsage":0,"Culture":176,"Friendly":0.0,"Hostile":0.0,"Conquest":0.0,"Defence":0.007499995641410351,"Info":false},{"DiplomacySlots":["","","","",""],"ConquestSlots":["","","","",""],"Messages":[true,true,true,true],"ForceName":"세력1","ForcrNum":1,"DiplomacySlotUsage":0,"ConquestSlotUsage":0,"Culture":66,"Friendly":0.0,"Hostile":0.0,"Conquest":0.0,"Defence":0.007499995641410351,"Info":false},{"DiplomacySlots":["","","","",""],"ConquestSlots":["","","","",""],"Messages":[true,true,true,true],"ForceName":"세력2","ForcrNum":2,"DiplomacySlotUsage":0,"ConquestSlotUsage":0,"Culture":74,"Friendly":0.0,"Hostile":0.0,"Conquest":0.0,"Defence":0.007499995641410351,"Info":false},{"DiplomacySlots":["","","","",""],"ConquestSlots":["","","","",""],"Messages":[true,true,true,true],"ForceName":"세력3","ForcrNum":3,"DiplomacySlotUsage":0,"ConquestSlotUsage":0,"Culture":65,"Friendly":0.0,"Hostile":0.0,"Conquest":0.0,"Defence":0.007499995641410351,"Info":false}],"Lands":[{"LandNum":0,"CityName":"good_neighbour","Resources":[5,0,0]},{"LandNum":1,"CityName":"바르셀로나","Resources":[5,0,1]},{"LandNum":2,"CityName":"마드리드","Resources":[3,0,0]},{"LandNum":3,"CityName":"코펜하겐","Resources":[4,0,1]},{"LandNum":4,"CityName":"오슬로","Resources":[3,2,3]},{"LandNum":5,"CityName":"바티칸","Resources":[1,0,0]},{"LandNum":6,"CityName":"","Resources":[0,0,3]},{"LandNum":7,"CityName":"","Resources":[5,0,0]},{"LandNum":8,"CityName":"","Resources":[5,0,0]}],"Cities":[{"FacilityAdopted":[true,false,false,true,true,false,false,false,false,true,true,false,false,false,false,true,true,false,false,false,true,true,false,false,false,false,true,true,false,false,true,false,false,false,true,true,false,false,false,false,true,false,false,false,false,false],"FacilityEnabled":[false,false,false,true,true,false,false,false,false,true,true,false,false,false,false,true,true,false,false,false,true,true,false,false,false,false,true,false,false,false,false,false,false,false,true,false,false,false,false,false,true,true,false,false,false,false],"Messages":[true,true,true],"CityName":"good_neighbour","NumOfFacility":15,"AnnualFund":6,"Capacity":1000,"AnnualResearch":1,"TaxIncome":30,"Stability":67.0,"StabilityAdd":17.0,"Population":915.2598876953125,"PopulationMovement":0.5739507079124451,"PopulationMovementMultiply":0.0010999999940395356,"Crime":0.0,"Disease":0.0,"Injure":0.0,"CrimePosibility":0.0,"DiseasePosibility":2.838150978088379,"InjurePosibility":4.0,"Police":8.0,"Health":20.0,"Safety":4.0},{"FacilityAdopted":[true,true,false,true,true,true,true,false,false,true,true,true,true,false,false,true,true,true,true,false,true,true,true,true,false,false,true,true,true,false,true,true,true,false,true,true,true,true,false,false,true,false,false,false,false,false],"FacilityEnabled":[false,false,false,true,true,true,true,false,false,true,true,true,true,false,false,true,true,true,true,false,true,true,true,true,false,false,true,false,true,false,false,false,true,false,true,false,true,true,false,false,true,true,false,false,false,false],"Messages":[true,true,true],"CityName":"바르셀로나","NumOfFacility":29,"AnnualFund":14,"Capacity":10000,"AnnualResearch":1,"TaxIncome":408,"Stability":82.49913787841797,"StabilityAdd":34.0,"Population":9907.0390625,"PopulationMovement":1.2094758749008179,"PopulationMovementMultiply":0.0021000001579523088,"Crime":1.5008609294891358,"Disease":0.0,"Injure":0.0,"CrimePosibility":17.514375686645509,"DiseasePosibility":7.067632675170898,"InjurePosibility":8.0,"Police":16.0,"Health":40.0,"Safety":8.0},{"FacilityAdopted":[true,true,false,true,true,true,true,false,false,true,true,true,true,false,false,true,true,true,true,false,true,true,true,true,false,false,true,true,true,false,true,true,true,false,true,true,true,true,false,false,true,false,false,false,false,false],"FacilityEnabled":[false,false,false,true,true,true,true,false,false,true,true,true,true,false,false,true,true,true,true,false,true,true,true,true,false,false,true,false,true,false,false,false,true,false,true,false,true,true,false,false,true,true,false,false,false,false],"Messages":[true,true,true],"CityName":"마드리드","NumOfFacility":29,"AnnualFund":14,"Capacity":10000,"AnnualResearch":1,"TaxIncome":416,"Stability":84.0,"StabilityAdd":34.0,"Population":9906.791015625,"PopulationMovement":1.212699294090271,"PopulationMovementMultiply":0.0021000001579523088,"Crime":0.0,"Disease":0.0,"Injure":0.0,"CrimePosibility":5.481556415557861,"DiseasePosibility":12.489270210266114,"InjurePosibility":8.0,"Police":16.0,"Health":40.0,"Safety":8.0},{"FacilityAdopted":[true,false,false,true,true,false,false,false,false,true,true,false,false,false,false,true,true,false,false,false,true,true,false,false,false,false,true,true,false,false,true,false,false,false,true,true,false,false,false,false,true,false,false,false,false,false],"FacilityEnabled":[false,false,false,true,true,false,false,false,false,true,true,false,false,false,false,true,true,false,false,false,true,true,false,false,false,false,true,false,false,false,false,false,false,false,true,false,false,false,false,false,true,true,false,false,false,false],"Messages":[true,true,true],"CityName":"코펜하겐","NumOfFacility":15,"AnnualFund":6,"Capacity":10000,"AnnualResearch":1,"TaxIncome":300,"Stability":65.718017578125,"StabilityAdd":17.0,"Population":9142.8408203125,"PopulationMovement":5.80559778213501,"PopulationMovementMultiply":0.0010999999940395356,"Crime":1.2819842100143433,"Disease":0.0,"Injure":0.0,"CrimePosibility":9.28198528289795,"DiseasePosibility":8.22580337524414,"InjurePosibility":4.0,"Police":8.0,"Health":20.0,"Safety":4.0},{"FacilityAdopted":[true,false,false,true,true,false,false,false,false,true,true,false,false,false,false,true,true,false,false,false,true,true,false,false,false,false,true,true,false,false,true,false,false,false,true,true,false,false,false,false,true,false,false,false,false,false],