{"ByteArray":[2,0,0,0,0,0,1,0,0,0],"ShortArray":[0,0,0,0],"UshortArray":[0,0,0,0,0,0,0,0,0,0,0,0,0,0,0],"IntArray":[0,0],"UintArray":[0,0,0,0],"LongArray":[120],"FloatArray":[430.4521789550781,2120.560302734375,2119.464111328125,-23.018869400024415,0.9466941952705383,0.5777949094772339,0.3896709978580475,0.06087646633386612,0.00025454460410401225,0.3177050054073334,0.010834986343979836,4.583953380584717,3.9678547382354738,5.094837188720703,624728.25,0.5504173040390015,651892.75,27165.080078125,856.6547241210938,0.5458903312683106,30.887893676757814,107155.5546875,0.0,-99.68378448486328,-146.93247985839845,0.0,0.0,0.0,7.987781524658203,5601.990234375,5.109857559204102,3753892.75,1.0874446630477906,393506496.0,0.0,0.009999999776482582,99.99365234375,99.99365234375,99.99365234375,99.99365234375,0.0,0.0,1.0],"DoubleArray":[],"BoolArray":[true,true,true,true,true],"TechAdopted":[0.0,0.0,0.0,0.0,0.0,0.0,0.0,0.0,0.0,0.0,0.0,0.0,0.0,0.0,0.0,0.0,0.0,0.0,0.0],"ThoughtAdopted":[0.0,0.0,0.0,0.0,0.0,0.0,0.0,0.0,0.0,0.0,0.0,0.0,0.0,0.0,0.0,0.0,0.0,0.0,0.0,0.0,0.0,0.0,0.0],"SocietyAdopted":[1.0,0.0,0.0,0.0,0.0,0.0,0.0,0.0,0.0,0.0,0.0,0.0,0.0,0.0,0.0],"SocietyElementProgression":[0.0,0.0,0.0,0.0,0.0,0.0,0.0,0.0,0.0,0.0,0.0,0.0,0.0,0.0,0.0,0.0,0.0,0.0,0.0,0.0,0.0,0.0,0.0,0.0,0.0,0.0,0.0,0.0,0.0,0.0,0.0,0.0,0.0,0.0,0.0,0.0,0.0,0.0,0.0,0.0,0.0,0.0,0.0,0.0,0.0,0.0,0.0,0.0,0.0],"Forces":[{"DiplomacySlots":["","","","",""],"ConquestSlots":["","","","",""],"Messages":[true,true,true,true],"ForceName":"지구","ForcrNum":0,"DiplomacySlotUsage":0,"ConquestSlotUsage":0,"Culture":100,"Friendly":0.0,"Hostile":0.0,"Conquest":0.0,"Chaos":0.9800000190734863,"Info":false},{"DiplomacySlots":["","","","",""],"ConquestSlots":["","","","",""],"Messages":[true,true,true,true],"ForceName":"세력1","ForcrNum":1,"DiplomacySlotUsage":0,"ConquestSlotUsage":0,"Culture":0,"Friendly":0.0,"Hostile":0.0,"Conquest":0.0,"Chaos":0.9800000190734863,"Info":false},{"DiplomacySlots":["","","","",""],"ConquestSlots":["","","","",""],"Messages":[true,true,true,true],"ForceName":"세력2","ForcrNum":2,"DiplomacySlotUsage":0,"ConquestSlotUsage":0,"Culture":0,"Friendly":0.0,"Hostile":0.0,"Conquest":0.0,"Chaos":0.9800000190734863,"Info":false},{"DiplomacySlots":["","","","",""],"ConquestSlots":["","","","",""],"Messages":[true,true,true,true],"ForceName":"세력3","ForcrNum":3,"DiplomacySlotUsage":0,"ConquestSlotUsage":0,"Culture":0,"Friendly":0.0,"Hostile":0.0,"Conquest":0.0,"Chaos":0.9800000190734863,"Info":false}],"Lands":[],"Cities":[],"Trades":[]}